id;predictions;tag_predictions;question;element_id;answer_start;answer
jo100000100000;Hamburg;10;In welchem Ort ist der Job Koordinator*in / Sachbearbeiter*in zur Erstellung der Budgetergebnisse?;10;0;Hamburg
jo100000100001;2.;7;Wo ist der Job Koordinator*in / Sachbearbeiter*in zur Erstellung der Budgetergebnisse?;10;0;Hamburg
jo100000100002;Hamburg;10;Wo kann man  Koordinator*in / Sachbearbeiter*in zur Erstellung der Budgetergebnisse arbeiten?;10;0;Hamburg
jo100000100003;2. Koordinator*in / Sachbearbeiter*in zur Erstellung der Budgetergebnisse;6;Wo gibt es Arbeit als Koordinator*in / Sachbearbeiter*in zur Erstellung der Budgetergebnisse?;10;0;Hamburg
jo100000100004;2. Koordinator*in / Sachbearbeiter*in zur Erstellung der Budgetergebnisse;6;Wer sucht nach einer Koordinator*in / Sachbearbeiter*in zur Erstellung der Budgetergebnisse?;9;0;Unlimited Jobs GmbH
jo100000100005;Unlimited Jobs GmbH;9;Welche Firma stellt Koordinator*in / Sachbearbeiter*in zur Erstellung der Budgetergebnisse an?;9;0;Unlimited Jobs GmbH
jo100000100006;Unlimited Jobs GmbH;9;Wie heisst die Firma die einen Job als Koordinator*in / Sachbearbeiter*in zur Erstellung der Budgetergebnisse anbietet?;9;0;Unlimited Jobs GmbH
jo100000100007;Unlimited Jobs GmbH;9;Nenne die Firma, die eine Stelle als Koordinator*in / Sachbearbeiter*in zur Erstellung der Budgetergebnisse bewirbt.;9;0;Unlimited Jobs GmbH
jo100000100008;Koordinator*in / Sachbearbeiter*in zur Erstellung der Budgetergebnisse;8;Was für einen Job bietet die Firma Unlimited Jobs GmbH an?;8;0;Koordinator*in / Sachbearbeiter*in zur Erstellung der Budgetergebnisse
jo100000100009;Koordinator*in / Sachbearbeiter*in zur Erstellung der Budgetergebnisse;8;Als was kann ich bei Unlimited Jobs GmbH arbeiten?;8;0;Koordinator*in / Sachbearbeiter*in zur Erstellung der Budgetergebnisse
jo100000100010;Koordinator*in / Sachbearbeiter*in zur Erstellung der Budgetergebnisse;8;Wonach sucht Unlimited Jobs GmbH?;8;0;Koordinator*in / Sachbearbeiter*in zur Erstellung der Budgetergebnisse
jo100000100011;Koordinator*in / Sachbearbeiter*in zur Erstellung der Budgetergebnisse;8;Wen stellt Unlimited Jobs GmbH ein?;8;0;Koordinator*in / Sachbearbeiter*in zur Erstellung der Budgetergebnisse
jo100000100012;Bankpower GmbH;24;In welchem Ort ist der Job Mitarbeiter (gn) Reisebüro?;25;0;Marsberg, Sauerland
jo100000100013;Bankpower GmbH;24;Wo ist der Job Mitarbeiter (gn) Reisebüro?;25;0;Marsberg, Sauerland
jo100000100014;Bankpower GmbH;24;Wo kann man  als Mitarbeiter (gn) Reisebüro arbeiten?;25;0;Marsberg, Sauerland
jo100000100015;Bankpower GmbH;24;Wo gibt es Arbeit als Mitarbeiter (gn) Reisebüro?;25;0;Marsberg, Sauerland
jo100000100016;Bankpower GmbH;24;Wer sucht nach einem Mitarbeiter (gn) Reisebüro?;24;0;Bankpower GmbH
jo100000100017;Bankpower GmbH;24;Welche Firma stellt Mitarbeiter (gn) Reisebüro an?;24;0;Bankpower GmbH
jo100000100018;Bankpower GmbH;24;Wie heisst die Firma die einen Job als Mitarbeiter (gn) Reisebüro anbietet?;24;0;Bankpower GmbH
jo100000100019;Bankpower GmbH;24;Nenne die Firma, die eine Stelle als Mitarbeiter (gn) Reisebüro bewirbt.;24;0;Bankpower GmbH
jo100000100020;Mitarbeiter (gn) Reisebüro;23;Was für einen Job bietet die Bankpower GmbH an?;23;0;Mitarbeiter (gn) Reisebüro
jo100000100021;Mitarbeiter (gn) Reisebüro;23;Als was kann ich bei Bankpower GmbH arbeiten?;23;0;Mitarbeiter (gn) Reisebüro
jo100000100022;Mitarbeiter (gn) Reisebüro;23;Wonach sucht Bankpower GmbH?;23;0;Mitarbeiter (gn) Reisebüro
jo100000100023;Mitarbeiter (gn) Reisebüro;23;Wen stellt Bankpower GmbH ein?;23;0;Mitarbeiter (gn) Reisebüro
jo100000100024;Rehna;40;In welchem Ort ist der Job Produktionsmitarbeiter (m/w/d) in der Lebensmittelindustrie?;40;0;Rehna
jo100000100025;Rehna;40;Wo ist der Job Produktionsmitarbeiter (m/w/d) in der Lebensmittelindustrie?;40;0;Rehna
jo100000100026;FEMEG Produktions- und Vertriebs GmbH;39;Wo kann man als Produktionsmitarbeiter (m/w/d) in der Lebensmittelindustrie arbeiten?;40;0;Rehna
jo100000100027;Rehna;40;Wo gibt es Arbeit als Produktionsmitarbeiter (m/w/d) in der Lebensmittelindustrie?;40;0;Rehna
jo100000100028;Rehna;40;Wer sucht nach einem Produktionsmitarbeiter (m/w/d) in der Lebensmittelindustrie?;39;0;FEMEG Produktions- und Vertriebs GmbH
jo100000100029;FEMEG Produktions- und Vertriebs GmbH;39;Welche Firma stellt Produktionsmitarbeiter (m/w/d) in der Lebensmittelindustrie an?;39;0;FEMEG Produktions- und Vertriebs GmbH
jo100000100030;FEMEG Produktions- und Vertriebs GmbH;39;Wie heisst die Firma die einen Job als Produktionsmitarbeiter (m/w/d) in der Lebensmittelindustrie anbietet?;39;0;FEMEG Produktions- und Vertriebs GmbH
jo100000100031;FEMEG Produktions- und Vertriebs GmbH;39;Nenne die Firma, die eine Stelle als Produktionsmitarbeiter (m/w/d) in der Lebensmittelindustrie bewirbt.;39;0;FEMEG Produktions- und Vertriebs GmbH
jo100000100032;Produktionsmitarbeiter (m/w/d) in der Lebensmittelindustrie;38;Was für einen Job bietet die FEMEG Produktions- und Vertriebs GmbHan?;38;0;Produktionsmitarbeiter (m/w/d) in der Lebensmittelindustrie
jo100000100033;Produktionsmitarbeiter (m/w/d) in der Lebensmittelindustrie;38;Als was kann ich bei FEMEG Produktions- und Vertriebs GmbH arbeiten?;38;0;Produktionsmitarbeiter (m/w/d) in der Lebensmittelindustrie
jo100000100034;Produktionsmitarbeiter (m/w/d) in der Lebensmittelindustrie;38;Wonach sucht FEMEG Produktions- und Vertriebs GmbH?;38;0;Produktionsmitarbeiter (m/w/d) in der Lebensmittelindustrie
jo100000100035;Produktionsmitarbeiter (m/w/d) in der Lebensmittelindustrie;38;Wen stellt FEMEG Produktions- und Vertriebs GmbH ein?;38;0;Produktionsmitarbeiter (m/w/d) in der Lebensmittelindustrie
jo100000100036;Fahrer/in (m/w/d) für 16-, oder 19-sitzer Kleinbusse;53;In welchem Ort ist der Job Fahrer/in (m/w/d) für 16-, oder 19-sitzer Kleinbusse?;55;0;Hagen, Westfalen - Hohenlimburg
jo100000100037;Fahrer/in (m/w/d) für 16-, oder 19-sitzer Kleinbusse;53;Wo ist der Job Fahrer/in (m/w/d) für 16-, oder 19-sitzer Kleinbusse?;55;0;Hagen, Westfalen - Hohenlimburg
jo100000100038;Fahrer/in (m/w/d) für 16-, oder 19-sitzer Kleinbusse;53;Wo kann man  als Fahrer/in (m/w/d) für 16-, oder 19-sitzer Kleinbusse arbeiten?;55;0;Hagen, Westfalen - Hohenlimburg
jo100000100039;Fahrer/in (m/w/d) für 16-, oder 19-sitzer Kleinbusse;53;Wo gibt es Arbeit als Fahrer/in (m/w/d) für 16-, oder 19-sitzer Kleinbusse?;55;0;Hagen, Westfalen - Hohenlimburg
jo100000100040;Fahrer/in (m/w/d) für 16-, oder 19-sitzer Kleinbusse;53;Wer sucht nach einem Fahrer/in (m/w/d) für 16-, oder 19-sitzer Kleinbusse?;54;0;Jörg Reimann Reimann Reisen
jo100000100041;Jörg Reimann Reimann Reisen;54;Welche Firma stellt Fahrer/in (m/w/d) für 16-, oder 19-sitzer Kleinbusse an?;54;0;Jörg Reimann Reimann Reisen
jo100000100042;Jörg Reimann Reimann Reisen;54;Wie heisst die Firma die einen Job als Fahrer/in (m/w/d) für 16-, oder 19-sitzer Kleinbusse anbietet?;54;0;Jörg Reimann Reimann Reisen
jo100000100043;Jörg Reimann Reimann Reisen;54;Nenne die Firma, die eine Stelle als Fahrer/in (m/w/d) für 16-, oder 19-sitzer Kleinbusse bewirbt.;54;0;Jörg Reimann Reimann Reisen
jo100000100044;5.;52;Was für einen Job bietet Jörg Reimann Reimann Reisen an?;53;0;Fahrer/in (m/w/d) für 16-, oder 19-sitzer Kleinbusse
jo100000100045;Fahrer/in (m/w/d) für 16-, oder 19-sitzer Kleinbusse;53;Als was kann ich bei Jörg Reimann Reimann Reisen arbeiten?;53;0;Fahrer/in (m/w/d) für 16-, oder 19-sitzer Kleinbusse
jo100000100046;Fahrer/in (m/w/d) für 16-, oder 19-sitzer Kleinbusse;53;Wonach sucht Jörg Reimann Reimann Reisen?;53;0;Fahrer/in (m/w/d) für 16-, oder 19-sitzer Kleinbusse
jo100000100047;Fahrer/in (m/w/d) für 16-, oder 19-sitzer Kleinbusse;53;Wen stellt Jörg Reimann Reimann Reisen ein?;53;0;Fahrer/in (m/w/d) für 16-, oder 19-sitzer Kleinbusse
jo100000200048;Produktionsleiter (m/w/d);8;In welchem Ort ist der Job Produktionsleiter (m/w/d)?;10;0;Rosenfeld, Württemberg
jo100000200049;Produktionsleiter (m/w/d);8;Wo ist der Job Produktionsleiter (m/w/d)?;10;0;Rosenfeld, Württemberg
jo100000200050;Produktionsleiter (m/w/d);8;Wo kann man  als Produktionsleiter (m/w/d) arbeiten?;10;0;Rosenfeld, Württemberg
jo100000200051;Produktionsleiter (m/w/d);8;Wo gibt es Arbeit als Produktionsleiter (m/w/d)?;10;0;Rosenfeld, Württemberg
jo100000200052;Produktionsleiter (m/w/d);8;Wer sucht nach einem Produktionsleiter (m/w/d)?;9;0;Höhn GmbH Präzisionsteile
jo100000200053;Höhn GmbH Präzisionsteile;9;Welche Firma stellt Produktionsleiter (m/w/d) an?;9;0;Höhn GmbH Präzisionsteile
jo100000200054;Höhn GmbH Präzisionsteile;9;Wie heisst die Firma die einen Job als Produktionsleiter (m/w/d) anbietet?;9;0;Höhn GmbH Präzisionsteile
jo100000200055;Höhn GmbH Präzisionsteile;9;Nenne die Firma, die eine Stelle als Produktionsleiter (m/w/d) bewirbt.;9;0;Höhn GmbH Präzisionsteile
jo100000200056;Produktionsleiter (m/w/d);8;Was für einen Job bietet Höhn GmbH Präzisionsteile an?;8;0;Produktionsleiter (m/w/d)
jo100000200057;Produktionsleiter (m/w/d);8;Als was kann ich bei Höhn GmbH Präzisionsteile arbeiten?;8;0;Produktionsleiter (m/w/d)
jo100000200058;Produktionsleiter (m/w/d);8;Wonach sucht Höhn GmbH Präzisionsteile?;8;0;Produktionsleiter (m/w/d)
jo100000200059;Produktionsleiter (m/w/d);8;Wen stellt Jörg Höhn GmbH Präzisionsteile ein?;8;0;Produktionsleiter (m/w/d)
jo100000200060;Radebeul;25;In welchem Ort ist der Job Servicemitarbeiter (m/w/d) – Vollzeit ?;25;0;Radebeul
jo100000200061;Radebeul;25;Wo ist der Job Servicemitarbeiter (m/w/d) – Vollzeit ?;25;0;Radebeul
jo100000200062;Radebeul;25;Wo kann man  als Servicemitarbeiter (m/w/d) – Vollzeit arbeiten?;25;0;Radebeul
jo100000200063;Radebeul;25;Wo gibt es Arbeit als Servicemitarbeiter (m/w/d) – Vollzeit ?;25;0;Radebeul
jo100000200064;Servicemitarbeiter (m/w/d) – Vollzeit;23;Wer sucht nach einem Servicemitarbeiter (m/w/d) – Vollzeit ?;24;0;"Karl Friedrich Aust ""Weinhaus Aust"""
jo100000200065;"Karl Friedrich Aust ""Weinhaus Aust""";24;Welche Firma stellt Servicemitarbeiter (m/w/d) – Vollzeit)  an?;24;0;"Karl Friedrich Aust ""Weinhaus Aust"""
jo100000200066;"Karl Friedrich Aust ""Weinhaus Aust""";24;Wie heisst die Firma die einen Job als Servicemitarbeiter (m/w/d) – Vollzeit  anbietet?;24;0;"Karl Friedrich Aust ""Weinhaus Aust"""
jo100000200067;"Karl Friedrich Aust ""Weinhaus Aust""";24;Nenne die Firma, die eine Stelle als Servicemitarbeiter (m/w/d) – Vollzeit  bewirbt.;24;0;"Karl Friedrich Aust ""Weinhaus Aust"""
jo100000200068;Servicemitarbeiter (m/w/d) – Vollzeit;23;"Was für einen Job bietet Karl Friedrich Aust ""Weinhaus Aust"" an?";23;0;Servicemitarbeiter (m/w/d) – Vollzeit
jo100000200069;Servicemitarbeiter (m/w/d) – Vollzeit;23;"Als was kann ich bei Karl Friedrich Aust ""Weinhaus Aust"" arbeiten?";23;0;Servicemitarbeiter (m/w/d) – Vollzeit
jo100000200070;Servicemitarbeiter (m/w/d) – Vollzeit;23;"Wonach sucht Karl Friedrich Aust ""Weinhaus Aust""?";23;0;Servicemitarbeiter (m/w/d) – Vollzeit
jo100000200071;Servicemitarbeiter (m/w/d) – Vollzeit;23;"Wen stellt Jörg Karl Friedrich Aust ""Weinhaus Aust"" ein?";23;0;Servicemitarbeiter (m/w/d) – Vollzeit
jo100000200072;Tourismuskaufmann/frau (m/w/d) im Reisebüro und Außendienst;38;In welchem Ort ist der Job Tourismuskaufmann/frau (m/w/d) im Reisebüro und Außendienst ?;40;0;Bergheim, Erft - Bergheim
jo100000200073;ab sofort;44;Wo ist der Job Tourismuskaufmann/frau (m/w/d) im Reisebüro und Außendienst ?;40;0;Bergheim, Erft - Bergheim
jo100000200074;ab sofort;44;Wo kann man  als Tourismuskaufmann/frau (m/w/d) im Reisebüro und Außendienst  arbeiten?;40;0;Bergheim, Erft - Bergheim
jo100000200075;DTS DUPPKE TOURISTIC SERVICES GMBH;39;Wo gibt es Arbeit als Tourismuskaufmann/frau (m/w/d) im Reisebüro und Außendienst ?;40;0;Bergheim, Erft - Bergheim
jo100000200076;Tourismuskaufmann/frau (m/w/d) im Reisebüro und Außendienst;38;Wer sucht nach einem Tourismuskaufmann/frau (m/w/d) im Reisebüro und Außendienst ?;39;0;DTS DUPPKE TOURISTIC SERVICES GMBH
jo100000200077;DTS DUPPKE TOURISTIC SERVICES GMBH;39;Welche Firma stellt Tourismuskaufmann/frau (m/w/d) im Reisebüro und Außendienst  an?;39;0;DTS DUPPKE TOURISTIC SERVICES GMBH
jo100000200078;DTS DUPPKE TOURISTIC SERVICES GMBH;39;Wie heisst die Firma die einen Job als Tourismuskaufmann/frau (m/w/d) im Reisebüro und Außendienst  anbietet?;39;0;DTS DUPPKE TOURISTIC SERVICES GMBH
jo100000200079;DTS DUPPKE TOURISTIC SERVICES GMBH;39;Nenne die Firma, die eine Stelle als Tourismuskaufmann/frau (m/w/d) im Reisebüro und Außendienst  bewirbt.;39;0;DTS DUPPKE TOURISTIC SERVICES GMBH
jo100000200080;Tourismuskaufmann/frau (m/w/d) im Reisebüro und Außendienst;38;Was für einen Job bietet DTS DUPPKE TOURISTIC SERVICES GMBH an?;38;0;Tourismuskaufmann/frau (m/w/d) im Reisebüro und Außendienst
jo100000200081;Tourismuskaufmann/frau (m/w/d) im Reisebüro und Außendienst;38;Als was kann ich bei DTS DUPPKE TOURISTIC SERVICES GMBH arbeiten?;38;0;Tourismuskaufmann/frau (m/w/d) im Reisebüro und Außendienst
jo100000200082;Tourismuskaufmann/frau (m/w/d) im Reisebüro und Außendienst;38;Wonach sucht DTS DUPPKE TOURISTIC SERVICES GMBH?;38;0;Tourismuskaufmann/frau (m/w/d) im Reisebüro und Außendienst
jo100000200083;Tourismuskaufmann/frau (m/w/d) im Reisebüro und Außendienst;38;Wen stellt Jörg DTS DUPPKE TOURISTIC SERVICES GMBH ein?;38;0;Tourismuskaufmann/frau (m/w/d) im Reisebüro und Außendienst
jo100000200084;Löningen;55;In welchem Ort ist der Job Helfer - Produktion (m/w/d) ?;55;0;Löningen
jo100000200085;Helfer - Produktion (m/w/d);53;Wo ist der Job Helfer - Produktion (m/w/d) ?;55;0;Löningen
jo100000200086;H Ruwe GmbH Fleischverarbeitung;54;Wo kann man als Helfer - Produktion (m/w/d)  arbeiten?;55;0;Löningen
jo100000200087;Helfer - Produktion (m/w/d);53;Wo gibt es Arbeit als Helfer - Produktion (m/w/d) ?;55;0;Löningen
jo100000200088;9. Helfer - Produktion (m/w/d);51;Wer sucht nach einem Helfer - Produktion (m/w/d) ?;54;0;H Ruwe GmbH Fleischverarbeitung
jo100000200089;H Ruwe GmbH;54;Welche Firma stellt Helfer - Produktion (m/w/d)  an?;54;0;H Ruwe GmbH Fleischverarbeitung
jo100000200090;H Ruwe GmbH Fleischverarbeitung;54;Wie heisst die Firma die einen Job als Helfer - Produktion (m/w/d)  anbietet?;54;0;H Ruwe GmbH Fleischverarbeitung
jo100000200091;H Ruwe GmbH Fleischverarbeitung;54;Nenne die Firma, die eine Stelle als Helfer - Produktion (m/w/d)  bewirbt.;54;0;H Ruwe GmbH Fleischverarbeitung
jo100000200092;Helfer - Produktion (m/w/d);53;Was für einen Job bietet H Ruwe GmbH Fleischverarbeitung an?;53;0;Helfer - Produktion (m/w/d)
jo100000200093;9.;52;Als was kann ich bei H Ruwe GmbH Fleischverarbeitung arbeiten?;53;0;Helfer - Produktion (m/w/d)
jo100000200094;Helfer;53;Wonach sucht H Ruwe GmbH Fleischverarbeitung?;53;0;Helfer - Produktion (m/w/d)
jo100000200095;9.;52;Wen stellt H Ruwe GmbH Fleischverarbeitung ein?;53;0;Helfer - Produktion (m/w/d)
jo100000300096;Koch (m/w/d) in Vollzeit;8;In welchem Ort ist der Job Koch (m/w/d) in Vollzeit ?;10;0;St. Martin, Pfalz
jo100000300097;10.;7;Wo ist der Job Koch (m/w/d) in Vollzeit ?;10;0;St. Martin, Pfalz
jo100000300098;Koch (m/w/d) in Vollzeit;8;Wo kann man als Koch (m/w/d) in Vollzeit arbeiten?;10;0;St. Martin, Pfalz
jo100000300099;Koch (m/w/d) in Vollzeit;8;Wo gibt es Arbeit als Koch (m/w/d) in Vollzeit ?;10;0;St. Martin, Pfalz
jo100000300100;Koch (m/w/d) in Vollzeit;8;Wer sucht nach einem Koch (m/w/d) in Vollzeit ?;9;0;Arens Hotelbetriebs GmbH
jo100000300101;Arens Hotelbetriebs GmbH & Co.KG;9;Welche Firma stellt Koch (m/w/d) in Vollzeit  an?;9;0;Arens Hotelbetriebs GmbH
jo100000300102;Arens Hotelbetriebs GmbH & Co.KG;9;Wie heisst die Firma die einen Job als Koch (m/w/d) in Vollzeit  anbietet?;9;0;Arens Hotelbetriebs GmbH
jo100000300103;Koch (m/w/d) in Vollzeit;8;Nenne die Firma, die eine Stelle als Koch (m/w/d) in Vollzeit  bewirbt.;9;0;Arens Hotelbetriebs GmbH
jo100000300104;Koch (m/w/d) in Vollzeit;8;Was für einen Job bietet Arens Hotelbetriebs GmbH an?;8;0;Koch (m/w/d) in Vollzeit
jo100000300105;Koch (m/w/d) in Vollzeit;8;Als was kann ich bei Arens Hotelbetriebs GmbH arbeiten?;8;0;Koch (m/w/d) in Vollzeit
jo100000300106;Koch (m/w/d) in Vollzeit;8;Wonach sucht Arens Hotelbetriebs GmbH?;8;0;Koch (m/w/d) in Vollzeit
jo100000300107;Arens Hotelbetriebs GmbH & Co.KG;9;Wen stellt Arens Hotelbetriebs GmbH ein?;8;0;Koch (m/w/d) in Vollzeit
jo100000300108;ibex personal;24;In welchem Ort ist der Job Produktionshelfer (m/w/d) in Wallau?;25;0;Hofheim am Taunus
jo100000300109;ibex personal;24;Wo ist der Job Produktionshelfer (m/w/d) in Wallau ?;25;0;Hofheim am Taunus
jo100000300110;ibex personal;24;Wo kann man als Produktionshelfer (m/w/d) in Wallau arbeiten?;25;0;Hofheim am Taunus
jo100000300111;ibex personal;24;Wo gibt es Arbeit als Produktionshelfer (m/w/d) in Wallau?;25;0;Hofheim am Taunus
jo100000300112;ibex personal;24;Wer sucht nach einem Produktionshelfer (m/w/d) in Wallau?;24;0;ibex personal
jo100000300113;ibex personal;24;Welche Firma stellt Produktionshelfer (m/w/d) in Wallau  an?;24;0;ibex personal
jo100000300114;ibex personal;24;Wie heisst die Firma die einen Job als Produktionshelfer (m/w/d) in Wallau anbietet?;24;0;ibex personal
jo100000300115;ibex personal;24;Nenne die Firma, die eine Stelle als Produktionshelfer (m/w/d) in Wallau  bewirbt.;24;0;ibex personal
jo100000300116;Produktionshelfer (m/w/d) in Wallau;23;Was für einen Job bietet ibex personal an?;23;0;Produktionshelfer (m/w/d) in Wallau
jo100000300117;Produktionshelfer (m/w/d) in Wallau;23;Als was kann ich bei ibex personal arbeiten?;23;0;Produktionshelfer (m/w/d) in Wallau
jo100000300118;Produktionshelfer (m/w/d) in Wallau;23;Wonach sucht ibex personal?;23;0;Produktionshelfer (m/w/d) in Wallau
jo100000300119;Produktionshelfer (m/w/d) in Wallau;23;Wen stellt ibex personal ein?;23;0;Produktionshelfer (m/w/d) in Wallau
jo100000300120;12. Helfer Metallbearbeitung (m/w/d);36;In welchem Ort ist der Job Helfer Metallbearbeitung (m/w/d) ?;40;0;Apen
jo100000300121;12. Helfer Metallbearbeitung (m/w/d);36;Wo ist der Job Helfer Metallbearbeitung (m/w/d)?;40;0;Apen
jo100000300122;12. Helfer Metallbearbeitung (m/w/d);36;Wo kann man als Helfer Metallbearbeitung (m/w/d) arbeiten?;40;0;Apen
jo100000300123;12. Helfer Metallbearbeitung (m/w/d);36;Wo gibt es Arbeit als Helfer Metallbearbeitung (m/w/d)?;40;0;Apen
jo100000300124;12. Helfer Metallbearbeitung (m/w/d);36;Wer sucht nach einem Helfer Metallbearbeitung (m/w/d) ?;39;0;persona service Emden AG & Co. KG
jo100000300125;persona service Emden AG & Co. KG;39;Welche Firma stellt Helfer Metallbearbeitung (m/w/d) an?;39;0;persona service Emden AG & Co. KG
jo100000300126;persona service Emden AG & Co. KG;39;Wie heisst die Firma die einen Job als Helfer Metallbearbeitung (m/w/d) anbietet?;39;0;persona service Emden AG & Co. KG
jo100000300127;persona service Emden AG & Co. KG;39;Nenne die Firma, die eine Stelle als Helfer Metallbearbeitung (m/w/d) bewirbt.;39;0;persona service Emden AG & Co. KG
jo100000300128;Helfer Metallbearbeitung (m/w/d);38;Was für einen Job bietet persona service Emden AG & Co. KG an?;38;0;Helfer Metallbearbeitung (m/w/d)
jo100000300129;Helfer Metallbearbeitung (m/w/d);38;Als was kann ich bei persona service Emden AG & Co. KG arbeiten?;38;0;Helfer Metallbearbeitung (m/w/d)
jo100000300130;Helfer Metallbearbeitung (m/w/d);38;Wonach sucht persona service Emden AG & Co. KG?;38;0;Helfer Metallbearbeitung (m/w/d)
jo100000300131;Helfer Metallbearbeitung (m/w/d);38;Wen stellt persona service Emden AG & Co. KG ein?;38;0;Helfer Metallbearbeitung (m/w/d)
jo100000300132;Gießen, Lahn;55;In welchem Ort ist der Fahrer/in für Personenbeförderung (m/w/d) ?;55;0;Gießen, Lahn
jo100000300133;13.;52;Wo ist der Job Fahrer/in für Personenbeförderung (m/w/d) ?;55;0;Gießen, Lahn
jo100000300134;Personenbeförderung;48;Wo kann man als Fahrer/in für Personenbeförderung (m/w/d) arbeiten?;55;0;Gießen, Lahn
jo100000300135;Personenbeförderung;48;Wo gibt es Arbeit als Fahrer/in für Personenbeförderung (m/w/d) ?;55;0;Gießen, Lahn
jo100000300136;Personenbeförderung;48;Wer sucht nach einem Fahrer/in für Personenbeförderung (m/w/d) ?;54;0;ATB Aktive Tagesbetreuung GmbH
jo100000300137;ATB Aktive Tagesbetreuung GmbH;54;Welche Firma stellt Fahrer/in für Personenbeförderung (m/w/d) an?;54;0;ATB Aktive Tagesbetreuung GmbH
jo100000300138;ATB Aktive Tagesbetreuung GmbH;54;Wie heisst die Firma die einen Job als Fahrer/in für Personenbeförderung (m/w/d) anbietet?;54;0;ATB Aktive Tagesbetreuung GmbH
jo100000300139;Fahrer/in - Personenbeförderung;48;Nenne die Firma, die eine Stelle als Fahrer/in für Personenbeförderung (m/w/d) bewirbt.;54;0;ATB Aktive Tagesbetreuung GmbH
jo100000300140;Fahrer/in für Personenbeförderung (m/w/d);53;Was für einen Job bietet ATB Aktive Tagesbetreuung GmbH an?;53;0;Fahrer/in für Personenbeförderung (m/w/d)
jo100000300141;Fahrer/in für Personenbeförderung (m/w/d);53;Als was kann ich bei ATB Aktive Tagesbetreuung GmbH arbeiten?;53;0;Fahrer/in für Personenbeförderung (m/w/d)
jo100000300142;Fahrer/in für Personenbeförderung (m/w/d);53;Wonach sucht ATB Aktive Tagesbetreuung GmbH?;53;0;Fahrer/in für Personenbeförderung (m/w/d)
jo100000300143;Fahrer/in für Personenbeförderung (m/w/d);53;Wen stellt ATB Aktive Tagesbetreuung GmbH ein?;53;0;Fahrer/in für Personenbeförderung (m/w/d)
jo100000400144;Verkäuferin / Verkäufer (m/w/d) in Teilzeit 15 Std./Woche;8;In welchem Ort ist der Job Verkäuferin / Verkäufer (m/w/d) in Teilzeit 15 Std./Woche?;10;0;Schleusingen
jo100000400145;14.;7;Wo ist der Job Verkäuferin / Verkäufer (m/w/d) in Teilzeit 15 Std./Woche?;10;0;Schleusingen
jo100000400146;14.;7;Wo kann man als Verkäuferin / Verkäufer (m/w/d) in Teilzeit 15 Std./Woche arbeiten?;10;0;Schleusingen
jo100000400147;Verkäuferin / Verkäufer (m/w/d) in Teilzeit 15 Std./Woche;8;Wo gibt es Arbeit als Verkäuferin / Verkäufer (m/w/d) in Teilzeit 15 Std./Woche?;10;0;Schleusingen
jo100000400148;Verkäuferin / Verkäufer (m/w/d) in Teilzeit 15 Std./Woche;8;Wer sucht nach einem Verkäuferin / Verkäufer (m/w/d) in Teilzeit 15 Std./Woche?;9;0;NKD Deutschland GmbH
jo100000400149;NKD Deutschland GmbH;9;Welche Firma stellt Verkäuferin / Verkäufer (m/w/d) in Teilzeit 15 Std./Woche  an?;9;0;NKD Deutschland GmbH
jo100000400150;NKD Deutschland GmbH;9;Wie heisst die Firma die einen Job als Verkäuferin / Verkäufer (m/w/d) in Teilzeit 15 Std./Woche anbietet?;9;0;NKD Deutschland GmbH
jo100000400151;NKD Deutschland GmbH;9;Nenne die Firma, die eine Stelle als Verkäuferin / Verkäufer (m/w/d) in Teilzeit 15 Std./Woche bewirbt.;9;0;NKD Deutschland GmbH
jo100000400152;Verkäuferin / Verkäufer (m/w/d) in Teilzeit 15 Std./Woche;8;Was für einen Job bietet NKD Deutschland GmbH an?;8;0;Verkäuferin / Verkäufer (m/w/d) in Teilzeit 15 Std./Woche
jo100000400153;Verkäuferin / Verkäufer (m/w/d) in Teilzeit 15 Std./Woche;8;Als was kann ich bei NKD Deutschland GmbH arbeiten?;8;0;Verkäuferin / Verkäufer (m/w/d) in Teilzeit 15 Std./Woche
jo100000400154;14.;7;Wonach sucht NKD Deutschland GmbH?;8;0;Verkäuferin / Verkäufer (m/w/d) in Teilzeit 15 Std./Woche
jo100000400155;Verkäuferin / Verkäufer (m/w/d) in Teilzeit 15 Std./Woche;8;Wen stellt NKD Deutschland GmbH ein?;8;0;Verkäuferin / Verkäufer (m/w/d) in Teilzeit 15 Std./Woche
jo100000400156;Berlin;25;In welchem Ort ist der Job Mitarbeiter für die Reinigung von Arztpraxen ?;25;0;Berlin
jo100000400157;15.;22;Wo ist der Job Mitarbeiter für die Reinigung von Arztpraxen ?;25;0;Berlin
jo100000400158;15.;22;Wo kann man als Mitarbeiter für die Reinigung von Arztpraxen arbeiten?;25;0;Berlin
jo100000400159;15.;22;Wo gibt es Arbeit als Mitarbeiter für die Reinigung von Arztpraxen?;25;0;Berlin
jo100000400160;15.;22;Wer sucht nach einem Mitarbeiter für die Reinigung von Arztpraxen?;24;0;Barbara Senn Housekeeping
jo100000400161;Barbara Senn Housekeeping;24;Welche Firma stellt Mitarbeiter für die Reinigung von Arztpraxen an?;24;0;Barbara Senn Housekeeping
jo100000400162;Barbara Senn Housekeeping;24;Wie heisst die Firma die einen Job als Mitarbeiter für die Reinigung von Arztpraxen anbietet?;24;0;Barbara Senn Housekeeping
jo100000400163;Barbara Senn Housekeeping;24;Nenne die Firma, die eine Stelle als Mitarbeiter für die Reinigung von Arztpraxen bewirbt.;24;0;Barbara Senn Housekeeping
jo100000400164;Mitarbeiter für die Reinigung von Arztpraxen;23;Was für einen Job bietet Barbara Senn Housekeeping an?;23;0;Mitarbeiter für die Reinigung von Arztpraxen
jo100000400165;Mitarbeiter für die Reinigung von Arztpraxen;23;Als was kann ich bei Barbara Senn Housekeeping arbeiten?;23;0;Mitarbeiter für die Reinigung von Arztpraxen
jo100000400166;Mitarbeiter für die Reinigung von Arztpraxen;23;Wonach sucht Barbara Senn Housekeeping?;23;0;Mitarbeiter für die Reinigung von Arztpraxen
jo100000400167;Mitarbeiter für die Reinigung von Arztpraxen;23;Wen stellt Barbara Senn Housekeeping ein?;23;0;Mitarbeiter für die Reinigung von Arztpraxen
jo100000400168;Raumausstattung Karl Trage;39;In welchem Ort ist der Job Kaufmännischer Sachbearbeiter (m/w/d)?;40;0;Lübeck - Schlutup
jo100000400169;16. Kaufmännischer Sachbearbeiter (m/w/d);36;Wo ist der Job Kaufmännischer Sachbearbeiter (m/w/d)?;40;0;Lübeck - Schlutup
jo100000400170;16.;37;Wo kann man als Kaufmännischer Sachbearbeiter (m/w/d) arbeiten?;40;0;Lübeck - Schlutup
jo100000400171;16.;37;Wo gibt es Arbeit als Kaufmännischer Sachbearbeiter (m/w/d)?;40;0;Lübeck - Schlutup
jo100000400172;16.;37;Wer sucht nach einem Kaufmännischer Sachbearbeiter (m/w/d) ?;39;0;Raumausstattung Karl Trage
jo100000400173;Raumausstattung Karl Trage;39;Welche Firma stellt Kaufmännischer Sachbearbeiter (m/w/d)  an?;39;0;Raumausstattung Karl Trage
jo100000400174;Raumausstattung Karl Trage;39;Wie heisst die Firma die einen Job als Kaufmännischer Sachbearbeiter (m/w/d)  anbietet?;39;0;Raumausstattung Karl Trage
jo100000400175;Raumausstattung Karl Trage;39;Nenne die Firma, die eine Stelle als Kaufmännischer Sachbearbeiter (m/w/d)  bewirbt.;39;0;Raumausstattung Karl Trage
jo100000400176;Kaufmännischer Sachbearbeiter (m/w/d);38;Was für einen Job bietet Raumausstattung Karl Trage an?;38;0;Kaufmännischer Sachbearbeiter (m/w/d)
jo100000400177;16. Kaufmännischer Sachbearbeiter (m/w/d);36;Als was kann ich bei Raumausstattung Karl Trage arbeiten?;38;0;Kaufmännischer Sachbearbeiter (m/w/d)
jo100000400178;Kaufmännischer Sachbearbeiter (m/w/d);38;Wonach sucht Raumausstattung Karl Trage?;38;0;Kaufmännischer Sachbearbeiter (m/w/d)
jo100000400179;16. Kaufmännischer Sachbearbeiter (m/w/d);36;Wen stellt Raumausstattung Karl Trage ein?;38;0;Kaufmännischer Sachbearbeiter (m/w/d)
jo100000400180;Neumünster, Holstein;55;"In welchem Ort ist der Job Leitung (m/w/d) Kulturbüro u. Kulturfestival ""Kunstflecken""?";55;0;Neumünster, Holstein
jo100000400181;"Leitung (m/w/d) Kulturbüro u. Kulturfestival ""Kunstflecken""";53;"Wo ist der Job Leitung (m/w/d) Kulturbüro u. Kulturfestival ""Kunstflecken""?";55;0;Neumünster, Holstein
jo100000400182;17.;52;"Wo kann man als Leitung (m/w/d) Kulturbüro u. Kulturfestival ""Kunstflecken"" arbeiten?";55;0;Neumünster, Holstein
jo100000400183;17.;52;"Wo gibt es Arbeit als Leitung (m/w/d) Kulturbüro u. Kulturfestival ""Kunstflecken""?";55;0;Neumünster, Holstein
jo100000400184;"Leitung (m/w/d) Kulturbüro u. Kulturfestival ""Kunstflecken""";53;"Wer sucht nach einem Leitung (m/w/d) Kulturbüro u. Kulturfestival ""Kunstflecken""?";54;0;Stadt Neumünster Öffentliche Verwaltung
jo100000400185;Stadt Neumünster Öffentliche Verwaltung;54;"Welche Firma stellt Leitung (m/w/d) Kulturbüro u. Kulturfestival ""Kunstflecken"" an?";54;0;Stadt Neumünster Öffentliche Verwaltung
jo100000400186;Stadt Neumünster Öffentliche Verwaltung;54;"Wie heisst die Firma die einen Job als Leitung (m/w/d) Kulturbüro u. Kulturfestival ""Kunstflecken"" anbietet?";54;0;Stadt Neumünster Öffentliche Verwaltung
jo100000400187;Stadt Neumünster Öffentliche Verwaltung;54;"Nenne die Firma, die eine Stelle als Leitung (m/w/d) Kulturbüro u. Kulturfestival ""Kunstflecken"" bewirbt.";54;0;Stadt Neumünster Öffentliche Verwaltung
jo100000400188;"Leitung (m/w/d) Kulturbüro u. Kulturfestival ""Kunstflecken""";53;Was für einen Job bietet Stadt Neumünster Öffentliche Verwaltung an?;53;0;"Leitung (m/w/d) Kulturbüro u. Kulturfestival ""Kunstflecken"""
jo100000400189;17.;52;Als was kann ich bei Stadt Neumünster Öffentliche Verwaltung arbeiten?;53;0;"Leitung (m/w/d) Kulturbüro u. Kulturfestival ""Kunstflecken"""
jo100000400190;17.;52;Wonach sucht Stadt Neumünster Öffentliche Verwaltung?;53;0;"Leitung (m/w/d) Kulturbüro u. Kulturfestival ""Kunstflecken"""
jo100000400191;17.;52;Wen stellt Stadt Neumünster Öffentliche Verwaltung ein?;53;0;"Leitung (m/w/d) Kulturbüro u. Kulturfestival ""Kunstflecken"""
jo100000500192;Schweißer/in (m/w/d) gesucht!;8;In welchem Ort ist der Schweißer/in (m/w/d) gesucht!?;10;0;Cunewalde
jo100000500193;Schweißer/in (m/w/d) gesucht!;8;Wo ist der Job Schweißer/in (m/w/d) gesucht!?;10;0;Cunewalde
jo100000500194;Schweißer/in (m/w/d) gesucht!;8;Wo kann man als Schweißer/in (m/w/d) gesucht!?;10;0;Cunewalde
jo100000500195;Schweißer/in (m/w/d) gesucht!;8;Wo gibt es Arbeit als Schweißer/in (m/w/d) gesucht!?;10;0;Cunewalde
jo100000500196;Schweißer/in (m/w/d) gesucht!;8;Wer sucht nach einem Schweißer/in (m/w/d) gesucht!?;9;0;Härtwig Maschinenbau GmbH & Co. KG
jo100000500197;Härtwig Maschinenbau GmbH & Co. KG;9;Welche Firma stellt Schweißer/in (m/w/d) gesucht! an?;9;0;Härtwig Maschinenbau GmbH & Co. KG
jo100000500198;Härtwig Maschinenbau GmbH & Co. KG;9;Wie heisst die Firma die einen Job als Schweißer/in (m/w/d) gesucht! anbietet?;9;0;Härtwig Maschinenbau GmbH & Co. KG
jo100000500199;Schweißer/in (m/w/d) gesucht!;8;Nenne die Firma, die eine Stelle als Schwei?er/in (m/w/d) gesucht! bewirbt.;9;0;Härtwig Maschinenbau GmbH & Co. KG
jo100000500200;Schweißer/in (m/w/d) gesucht!;8;Was für einen Job bietet Härtwig Maschinenbau GmbH & Co. KG an?;8;0;Schweißer/in (m/w/d) gesucht!
jo100000500201;18;7;Als was kann ich bei Härtwig Maschinenbau GmbH & Co. KG arbeiten?;8;0;Schweißer/in (m/w/d) gesucht!
jo100000500202;18.;7;Wonach sucht Härtwig Maschinenbau GmbH & Co. KG?;8;0;Schweißer/in (m/w/d) gesucht!
jo100000500203;18.;7;Wen stellt Härtwig Maschinenbau GmbH & Co. KG ein?;8;0;Schweißer/in (m/w/d) gesucht!
jo100000500204;Göppingen - Voralb;25;In welchem Ort ist der Job Elektroniker Betriebstechnik /Automatisierungstechnik (m/w/d)?;25;0;Göppingen - Voralb
jo100000500205;19. Elektroniker Betriebstechnik /Automatisierungstechnik (m/w/d);21;Wo ist der Job Elektroniker Betriebstechnik /Automatisierungstechnik (m/w/d)?;25;0;Göppingen - Voralb
jo100000500206;19.;22;Wo kann man als Elektroniker Betriebstechnik /Automatisierungstechnik (m/w/d) arbeiten?;25;0;Göppingen - Voralb
jo100000500207;Elektroniker Betriebstechnik /Automatisierungstechnik (m/w/d);23;Wo gibt es Arbeit als Elektroniker Betriebstechnik /Automatisierungstechnik (m/w/d)?;25;0;Göppingen - Voralb
jo100000500208;Elektroniker Betriebstechnik /Automatisierungstechnik (m/w/d);23;Wer sucht nach einem Elektroniker Betriebstechnik /Automatisierungstechnik (m/w/d)?;24;0;Härterei Technotherm GmbH & Co. KG
jo100000500209;Härterei Technotherm GmbH & Co. KG;24;Welche Firma stellt Elektroniker Betriebstechnik /Automatisierungstechnik (m/w/d) an?;24;0;Härterei Technotherm GmbH & Co. KG
jo100000500210;Härterei Technotherm GmbH & Co. KG;24;Wie heisst die Firma die einen Job als Elektroniker Betriebstechnik /Automatisierungstechnik (m/w/d) anbietet?;24;0;Härterei Technotherm GmbH & Co. KG
jo100000500211;Härterei Technotherm GmbH & Co. KG;24;Nenne die Firma, die eine Stelle als Elektroniker Betriebstechnik /Automatisierungstechnik (m/w/d) bewirbt.;24;0;Härterei Technotherm GmbH & Co. KG
jo100000500212;Elektroniker Betriebstechnik /Automatisierungstechnik (m/w/d);23;Was für einen Job bietet Härterei Technotherm GmbH & Co. KG an?;23;0;Elektroniker Betriebstechnik /Automatisierungstechnik (m/w/d)
jo100000500213;Elektroniker Betriebstechnik /Automatisierungstechnik (m/w/d);23;Als was kann ich bei Härterei Technotherm GmbH & Co. KG arbeiten?;23;0;Elektroniker Betriebstechnik /Automatisierungstechnik (m/w/d)
jo100000500214;Elektroniker Betriebstechnik /Automatisierungstechnik (m/w/d);23;Wonach sucht Härterei Technotherm GmbH & Co. KG?;23;0;Elektroniker Betriebstechnik /Automatisierungstechnik (m/w/d)
jo100000500215;19.;22;Wen stellt Härterei Technotherm GmbH & Co. KG ein?;23;0;Elektroniker Betriebstechnik /Automatisierungstechnik (m/w/d)
jo100000500216;20. Erzieher (m/w/d) für unsere Ökumen.Kita Wehofen gesucht;36;In welchem Ort ist der Job Erzieher (m/w/d) für unsere Ökumen.Kita Wehofen gesucht?;40;0;Duisburg
jo100000500217;20.;37;Wo ist der Job Erzieher (m/w/d) für unsere Ökumen.Kita Wehofen gesucht?;40;0;Duisburg
jo100000500218;20. Erzieher (m/w/d) für unsere Ökumen.Kita Wehofen gesucht;36;Wo kann man als Erzieher (m/w/d) für unsere Ökumen.Kita Wehofen gesucht arbeiten?;40;0;Duisburg
jo100000500219;Erzieher (m/w/d) für unsere Ökumen.Kita Wehofen gesucht;38;Wo gibt es Arbeit als Erzieher (m/w/d) für unsere Ökumen.Kita Wehofen gesucht ?;40;0;Duisburg
jo100000500220;Erzieher (m/w/d) für unsere Ökumen.Kita Wehofen gesucht;38;Wer sucht nach einem Erzieher (m/w/d) für unsere Ökumen.Kita Wehofen gesucht?;39;0;Evangelischer Kirchenkreis Dinslaken
jo100000500221;Evangelischer Kirchenkreis Dinslaken;39;Welche Firma stellt Koch Erzieher (m/w/d) für unsere Ökumen.Kita Wehofen gesucht an?;39;0;Evangelischer Kirchenkreis Dinslaken
jo100000500222;Erzieher (m/w/d) für unsere Ökumen.Kita Wehofen gesucht;38;Wie heisst die Firma die einen Job als Erzieher (m/w/d) für unsere Ökumen.Kita Wehofen gesucht anbietet?;39;0;Evangelischer Kirchenkreis Dinslaken
jo100000500223;Erzieher (m/w/d) für unsere Ökumen.Kita Wehofen gesucht;38;Nenne die Firma, die eine Stelle als Erzieher (m/w/d) für unsere Ökumen.Kita Wehofen gesucht bewirbt.;39;0;Evangelischer Kirchenkreis Dinslaken
jo100000500224;20.;37;Was für einen Job bietet Evangelischer Kirchenkreis Dinslaken an?;38;0;Erzieher (m/w/d) für unsere Ökumen.Kita Wehofen gesucht
jo100000500225;20.;37;Als was kann ich bei Evangelischer Kirchenkreis Dinslaken arbeiten?;38;0;Erzieher (m/w/d) für unsere Ökumen.Kita Wehofen gesucht
jo100000500226;Erzieher (m/w/d) für unsere Ökumen.Kita Wehofen gesucht;38;Wonach sucht Evangelischer Kirchenkreis Dinslaken?;38;0;Erzieher (m/w/d) für unsere Ökumen.Kita Wehofen gesucht
jo100000500227;Erzieher (m/w/d) für unsere Ökumen.Kita Wehofen gesucht;38;Wen stellt Evangelischer Kirchenkreis Dinslaken ein?;38;0;Erzieher (m/w/d) für unsere Ökumen.Kita Wehofen gesucht
jo100000500228;Kaufmann/-frau im Automobilbereich (m/w/d);53;In welchem Ort ist der Job Kaufmann/-frau im Automobilbereich (m/w/d) ?;55;0;Kassel, Hessen
jo100000500229;Kaufmann/-frau im Automobilbereich (m/w/d);53;Wo ist der Job Kaufmann/-frau im Automobilbereich (m/w/d) ?;55;0;Kassel, Hessen
jo100000500230;Kaufmann/-frau im Automobilbereich (m/w/d);53;Wo kann man als Kaufmann/-frau im Automobilbereich (m/w/d) arbeiten?;55;0;Kassel, Hessen
jo100000500231;Kaufmann/-frau im Automobilbereich (m/w/d);53;Wo gibt es Arbeit als Kaufmann/-frau im Automobilbereich (m/w/d) ?;55;0;Kassel, Hessen
jo100000500232;Kaufmann/-frau im Automobilbereich (m/w/d);53;Wer sucht nach einem Kaufmann/-frau im Automobilbereich (m/w/d) ?;54;0;Auto-Schubert-Gießen GmbH
jo100000500233;Auto-Schubert-Gießen GmbH;54;Welche Firma stellt Kaufmann/-frau im Automobilbereich (m/w/d) an?;54;0;Auto-Schubert-Gießen GmbH
jo100000500234;Auto-Schubert-Gießen GmbH;54;Wie heisst die Firma die einen Job als Kaufmann/-frau im Automobilbereich (m/w/d) anbietet?;54;0;Auto-Schubert-Gießen GmbH
jo100000500235;Auto-Schubert-Gießen GmbH;54;Nenne die Firma, die eine Stelle als Kaufmann/-frau im Automobilbereich (m/w/d) bewirbt.;54;0;Auto-Schubert-Gießen GmbH
jo100000500236;21.;52;Was für einen Job bietet Auto-Schubert-Gießen GmbH an?;53;0;Kaufmann/-frau im Automobilbereich (m/w/d)
jo100000500237;21.;52;Als was kann ich bei Auto-Schubert-Gießen GmbH arbeiten?;53;0;Kaufmann/-frau im Automobilbereich (m/w/d)
jo100000500238;Kaufmann/-frau im Automobilbereich (m/w/d);53;Wonach sucht Auto-Schubert-Gießen GmbH?;53;0;Kaufmann/-frau im Automobilbereich (m/w/d)
jo100000500239;21.;52;Wen stellt Auto-Schubert-Gießen GmbH ein?;53;0;Kaufmann/-frau im Automobilbereich (m/w/d)
jo100000600240;Maler/in und Lackierer/in - Maler/in;3;In welchem Ort ist der Job Maler (m/w/d)?;10;0;Suhl
jo100000600241;Maler (m/w/d);8;Wo ist der Job Maler (m/w/d)?;10;0;Suhl
jo100000600242;Maler (m/w/d);8;Wo kann man als Maler (m/w/d) arbeiten?;10;0;Suhl
jo100000600243;Maler (m/w/d);8;Wo gibt es Arbeit als Maler (m/w/d)?;10;0;Suhl
jo100000600244;Maler (m/w/d);8;Wer sucht nach einem Maler (m/w/d)?;9;0;AlphaConsult Premium GmbH
jo100000600245;AlphaConsult Premium GmbH;9;Welche Firma stellt Maler (m/w/d) an?;9;0;AlphaConsult Premium GmbH
jo100000600246;AlphaConsult Premium GmbH;9;Wie heisst die Firma die einen Job als Maler (m/w/d) anbietet?;9;0;AlphaConsult Premium GmbH
jo100000600247;Maler (m/w/d);8;Nenne die Firma, die eine Stelle als Maler (m/w/d) bewirbt.;9;0;AlphaConsult Premium GmbH
jo100000600248;Maler (m/w/d);8;Was für einen Job bietet AlphaConsult Premium GmbH an?;8;0;Maler (m/w/d)
jo100000600249;Maler (m/w/d);8;Als was kann ich bei AlphaConsult Premium GmbH arbeiten?;8;0;Maler (m/w/d)
jo100000600250;Maler (m/w/d);8;Wonach sucht AlphaConsult Premium GmbH?;8;0;Maler (m/w/d)
jo100000600251;Maler (m/w/d);8;Wen stellt AlphaConsult Premium GmbH ein?;8;0;Maler (m/w/d)
jo100000600252;23.;22;In welchem Ort ist der Job Gabelstaplerfahrer/Kommissionierer m/w/d für HOCHREGAL in Lehre (3-Schicht-System)?;25;0;Lehre
jo100000600253;23.;22;Wo ist der Job Gabelstaplerfahrer/Kommissionierer m/w/d für HOCHREGAL in Lehre (3-Schicht-System)?;25;0;Lehre
jo100000600254;23.;22;Wo kann man als Gabelstaplerfahrer/Kommissionierer m/w/d für HOCHREGAL in Lehre (3-Schicht-System) arbeiten?;25;0;Lehre
jo100000600255;23.;22;Wo gibt es Arbeit als Gabelstaplerfahrer/Kommissionierer m/w/d für HOCHREGAL in Lehre (3-Schicht-System)?;25;0;Lehre
jo100000600256;23.;22;Wer sucht nach einem Gabelstaplerfahrer/Kommissionierer m/w/d für HOCHREGAL in Lehre (3-Schicht-System)?;24;0;Personal Service PSH Wolfsburg GmbH
jo100000600257;Personal Service PSH Wolfsburg GmbH;24;Welche Firma stellt Gabelstaplerfahrer/Kommissionierer m/w/d für HOCHREGAL in Lehre (3-Schicht-System) an?;24;0;Personal Service PSH Wolfsburg GmbH
jo100000600258;Personal Service PSH Wolfsburg GmbH;24;Wie heisst die Firma die einen Job als Gabelstaplerfahrer/Kommissionierer m/w/d für HOCHREGAL in Lehre (3-Schicht-System) anbietet?;24;0;Personal Service PSH Wolfsburg GmbH
jo100000600259;Personal Service PSH Wolfsburg GmbH;24;Nenne die Firma, die eine Stelle als Gabelstaplerfahrer/Kommissionierer m/w/d für HOCHREGAL in Lehre (3-Schicht-System) bewirbt.;24;0;Personal Service PSH Wolfsburg GmbH
jo100000600260;G;23;Was für einen Job bietet Personal Service PSH Wolfsburg GmbH an?;23;0;Gabelstaplerfahrer/Kommissionierer m/w/d für HOCHREGAL in Lehre (3-Schicht-System)
jo100000600261;Gabelstaplerfahrer/Kommissionierer m/w/d für;23;Als was kann ich bei Personal Service PSH Wolfsburg GmbH arbeiten?;23;0;Gabelstaplerfahrer/Kommissionierer m/w/d für HOCHREGAL in Lehre (3-Schicht-System)
jo100000600262;23.;22;Wonach sucht Personal Service PSH Wolfsburg GmbH?;23;0;Gabelstaplerfahrer/Kommissionierer m/w/d für HOCHREGAL in Lehre (3-Schicht-System)
jo100000600263;23.;22;Wen stellt Personal Service PSH Wolfsburg GmbH ein?;23;0;Gabelstaplerfahrer/Kommissionierer m/w/d für HOCHREGAL in Lehre (3-Schicht-System)
jo100000600264;Staplerfahrer (m/w/d) ab 14 €;38;In welchem Ort ist der Job Staplerfahrer (m/w/d) ab 14 €?;40;0;Zwiesel
jo100000600265;Staplerfahrer (m/w/d) ab 14 €;38;Wo ist der Job Staplerfahrer (m/w/d) ab 14 €?;40;0;Zwiesel
jo100000600266;24.;37;Wo kann man als Staplerfahrer (m/w/d) ab 14 € arbeiten?;40;0;Zwiesel
jo100000600267;Staplerfahrer (m/w/d) ab 14 €;38;Wo gibt es Arbeit als Staplerfahrer (m/w/d) ab 14 €?;40;0;Zwiesel
jo100000600268;24.;37;Wer sucht nach einem Staplerfahrer (m/w/d) ab 14 €?;39;0;Unique Personalservice GmbH NL Regen
jo100000600269;Unique Personalservice GmbH NL Regen;39;Welche Firma stellt Staplerfahrer (m/w/d) ab 14 € an?;39;0;Unique Personalservice GmbH NL Regen
jo100000600270;Unique Personalservice GmbH NL Regen;39;Wie heisst die Firma die einen Job als Staplerfahrer (m/w/d) ab 14 € anbietet?;39;0;Unique Personalservice GmbH NL Regen
jo100000600271;Unique Personalservice GmbH NL Regen;39;Nenne die Firma, die eine Stelle als Staplerfahrer (m/w/d) ab 14 € bewirbt.;39;0;Unique Personalservice GmbH NL Regen
jo100000600272;Staplerfahrer (m/w/d) ab 14 €;38;Was für einen Job bietet Unique Personalservice GmbH NL Regen an?;38;0;Staplerfahrer (m/w/d) ab 14 €
jo100000600273;Staplerfahrer (m/w/d) ab 14 €;38;Als was kann ich bei Unique Personalservice GmbH NL Regen?;38;0;Staplerfahrer (m/w/d) ab 14 €
jo100000600274;Staplerfahrer (m/w/d) ab 14 €;38;Wonach sucht Unique Personalservice GmbH NL Regen?;38;0;Staplerfahrer (m/w/d) ab 14 €
jo100000600275;ab 14 €;38;Wen stellt Unique Personalservice GmbH NL Regen ein?;38;0;Staplerfahrer (m/w/d) ab 14 €
jo100000600276;Restaurant-Mitarbeiter:in - VZ;53;In welchem Ort ist der Job Restaurant-Mitarbeiter:in - VZ?;55;0;Meißen, Sachsen
jo100000600277;25. Restaurant-Mitarbeiter:in - VZ;51;Wo ist der Job Restaurant-Mitarbeiter:in - VZ?;55;0;Meißen, Sachsen
jo100000600278;Restaurant-Mitarbeiter:in - VZ;53;Wo kann man als Restaurant-Mitarbeiter:in - VZ arbeiten?;55;0;Meißen, Sachsen
jo100000600279;Restaurant-Mitarbeiter:in - VZ;53;Wo gibt es Arbeit als Restaurant-Mitarbeiter:in - VZ?;55;0;Meißen, Sachsen
jo100000600280;Restaurant-Mitarbeiter:in - VZ;53;Wer sucht nach einem Restaurant-Mitarbeiter:in - VZ?;54;0;Willy Dany Restaurantbetriebs GmbH & Co. Service KG McDonald's Restaurant
jo100000600281;Willy Dany Restaurantbetriebs GmbH & Co. Service KG McDonald's Restaurant;54;Welche Firma stellt Restaurant-Mitarbeiter:in - VZ an?;54;0;Willy Dany Restaurantbetriebs GmbH & Co. Service KG McDonald's Restaurant
jo100000600282;Willy Dany Restaurantbetriebs GmbH & Co. Service KG McDonald's Restaurant;54;Wie heisst die Firma die einen Job als Restaurant-Mitarbeiter:in - VZ anbietet?;54;0;Willy Dany Restaurantbetriebs GmbH & Co. Service KG McDonald's Restaurant
jo100000600283;Willy Dany Restaurantbetriebs GmbH & Co. Service KG McDonald's Restaurant;54;Nenne die Firma, die eine Stelle als Restaurant-Mitarbeiter:in - VZ bewirbt.;54;0;Willy Dany Restaurantbetriebs GmbH & Co. Service KG McDonald's Restaurant
jo100000600284;Restaurant-Mitarbeiter:in - VZ;53;Was für einen Job bietet Willy Dany Restaurantbetriebs GmbH & Co. Service KG McDonald's Restaurant an?;53;0;Restaurant-Mitarbeiter:in - VZ
jo100000600285;25. Restaurant-Mitarbeiter:in - VZ;51;Als was kann ich bei Willy Dany Restaurantbetriebs GmbH & Co. Service KG McDonald's Restaurant arbeiten?;53;0;Restaurant-Mitarbeiter:in - VZ
jo100000600286;Restaurant-Mitarbeiter:in - VZ;53;Wonach sucht Willy Dany Restaurantbetriebs GmbH & Co. Service KG McDonald's Restaurant?;53;0;Restaurant-Mitarbeiter:in - VZ
jo100000600287;25. Restaurant-Mitarbeiter:in - VZ;51;Wen stellt Willy Dany Restaurantbetriebs GmbH & Co. Service KG McDonald's Restaurant ein?;53;0;Restaurant-Mitarbeiter:in - VZ
